lemma,frequency
.,600
",",327
உள்,239
உம்,236
என்,191
படு,162
இரு,127
ஆகு,123
அவர்,93
இந்தியா,89
தெரிவி,80
செய்,78
ஆக,68
ஆன,68
நாடு,64
அரசு,63
இந்த,63
வேண்டு,57
வரு,56
கொள்,56
இது,46
மற்றும்,43
ஆண்டு,40
இல்,39
வா,39
இடம்,38
கூறு,38
நடைபெறு,36
விடு,34
அமெரிக்கா,34
தலைவர்,33
மத்திய,31
பெறு,31
அது,30
உடன்,29
அந்த,29
குறி,28
மக்கள்,28
செல்,28
பேர்,27
கட்சி,27
சட்டம்,25
வழங்கு,24
செயலாளர்,23
பாகிஸ்தான்,22
சேர்,22
ஒரு,22
அதிகாரி,22
இலங்கை,22
முதல்வர்,22
இலிருந்து,22
மாநிலம்,22
இன்று,21
ஏற்படு,21
சென்னை,21
பணி,21
போது,21
நிலை,21
பாதுகாப்பு,21
தலைமை,21
தமிழகம்,21
குறிப்பிடு,20
உறுப்பினர்,20
தன்,19
நடத்து,19
பேசு,18
அமைச்சர்,18
வீடு,18
அளி,17
துறை,17
மீது,17
பகுதி,17
அறிக்கை,17
நிறுவனம்,16
ஆயிரம்,16
மேலும்,16
தெரி,16
பேரவை,16
தான்,16
விமானம்,16
ஒபாமா,16
சர்வதேசம்,15
நடவடிக்கை,15
தொகுதி,15
நாள்,15
அதிமுக,15
பொது,15
உயிரிழ,15
எடு,15
முதல்,15
ஆனால்,15
உள்ளிடு,15
கட்டு,14
காங்கிரஸ்,14
கிரிக்கெட்,14
நிறைவேற்று,14
கடந்த,14
வை,14
நிதி,14
ஜெயலலிதா,14
பயணம்,14
கழகம்,14
அமைப்பு,13
பின்னர்,13
லட்சம்,13
கூடு,13
தகவல்,13
ஏ,13
கருத்து,13
விழா,13
தமிழர்,13
மூலம்,13
தொடர்,13
தேதி,13
-,13
சார்பு,13
முறை,13
புலி,13
வெளியிடு,13
கேள்,12
புதிய,12
ஐக்கிய,12
அமை,12
கல,12
அதிபர்,12
அணு,12
2,12
போல்,12
வெற்றி,12
:,12
ராணுவம்,12
அனைவர்,12
அரசியல்,12
குற்றம்,12
ஏல்,12
விசாரணை,12
ஈடுபடு,12
முடி,11
விடுதலை,11
வகை,11
இரண்டு,11
பிகார்,11
இடை,11
ஒப்பந்தம்,11
நாடாளுமன்றம்,11
வாழ்,11
சிறை,11
),11
பிரிவு,11
கவுன்சில்,11
போட்டி,11
(,11
முடிவு,11
நம்பிக்கை,11
தொடர்பு,11
உத்தரவிடு,10
காரணம்,10
யார்,10
அனுமதி,10
ஒன்று,10
அளவு,10
வீரர்,10
கருணாநிதி,10
ஆறு,10
சில,10
உலகம்,10
அனைத்து,10
முயற்சி,10
ராஜபட்ச,10
முன்னாள்,10
முக்கியம்,10
மாவட்டம்,10
போலீஸார்,10
வளர்ச்சி,9
இணை,9
வழக்கு,9
போலீஸ்,9
சிங்,9
வரை,9
பதக்கம்,9
ரயில்,9
இதனால்,9
நிலையம்,9
தொழிலாளர்,9
மாதம்,9
பெண்,9
தேர்தல்,9
சபை,9
மூன்று,9
அடுத்த,9
கைது,9
மாநாடு,9
தொடங்கு,9
திட்டம்,9
இதுகுறித்து,9
ஆய்வு,9
பணியாற்று,9
செயல்படு,9
ஆவது,9
கோடி,9
ஓ,9
தில்லி,9
படி,9
மணி,9
அணி,9
மருத்துவமனை,9
பணியாளர்,9
பதவி,9
பிரச்னை,8
ஐ.நா.,8
வாரியம்,8
ஆணையர்,8
துணை,8
மிக,8
வாரம்,8
போ,8
உறவு,8
நான்,8
மனைவி,8
எந்த,8
நட,8
ஒதுக்கு,8
குழு,8
சீர்திருத்தம்,8
எதிர்ப்பு,8
ஏற்படுத்து,8
அணை,8
"""",8
நியமி,8
உறுதி,8
செயலர்,8
அணுசக்தி,8
மேற்கொள்,8
பொறுப்பு,8
ஏற்கெனவே,8
போர்,8
10,7
நம்பு,7
சரி,7
அல்,7
பாதி,7
எனவே,7
புதன்கிழமை,7
புதிது,7
மாட்டு,7
சந்தி,7
கூட்டணி,7
கண்டி,7
கூட்டம்,7
பாஜக,7
புகார்,7
விபத்து,7
இதுவரை,7
ஏயே,7
முகாம்,7
செவ்வாய்க்கிழமை,7
அமல்படுத்து,7
செய்தி,7
தங்கம்,7
சிறப்பு,7
வாக்கெடுப்பு,7
வாக்கு,7
பல்வேறு,7
வட்டாரம்,7
வாய்ப்பு,7
சம்பவம்,7
வெடி,7
ஒருவர்,7
பிடி,6
வியாழக்கிழமை,6
12,6
வெல்,6
ஹென்றி,6
மாநகரம்,6
அழைப்பு,6
நிரந்தரம்,6
மோடி,6
அகதி,6
அப்போது,6
தகு,6
எமெலே,6
எடியூரப்பா,6
இதையடுத்து,6
பால்,6
அடை,6
மீனவர்,6
வெளியுறவு,6
கடல்,6
தி.மு.க.,6
அறிவு,6
பொருளாதாரம்,6
உடனடியாக,6
இப்போது,6
அதிகரி,6
தொகை,6
ஊதியம்,6
மேம்பாடு,6
மசோதா,6
தேசியம்,6
காலம்,6
அறிவி,6
விசாரி,6
அலுவலகம்,6
உள்துறை,6
ஆர்ப்பாட்டம்,6
ஆகியோர்,6
அடிப்படை,6
அழை,6
பொதுச்செயலர்,6
வைகோ,6
கோரிக்கை,6
மருத்துவம்,6
வெளியாகு,6
வேலை,6
போராடு,6
பொதுமக்கள்,6
ஜனவரி,6
கிடை,6
போட்டியிடு,6
மாலதி,6
விருது,6
மோசடி,6
மட்டும்,6
20,6
உயர்,5
தமிழ்,5
தரு,5
உருவாகு,5
விரோதம்,5
ஆப்கானிஸ்தான்,5
ஓய்வு,5
3,5
நிவாரணம்,5
கண்ணி,5
ஏற்பாடு,5
சமீபம்,5
ரூ,5
திருவொற்றியூர்,5
மாற்று,5
பிறகு,5
சதவீத,5
ஆட்சி,5
இடம்பெறு,5
தீவிரவாதம்,5
சிலை,5
வேலைநிறுத்தம்,5
கூட்டு,5
வசி,5
கூடுதல்,5
மூடு,5
மறு,5
படை,5
50,5
கிழக்கு,5
பத்திரிகை,5
இழப்பீடு,5
இந்தியர்,5
இறுதி,5
கொல்,5
ஜெர்மனி,5
கணவன்,5
நிர்வாகம்,5
பெரும்,5
உதவி,5
செய்தியாளர்,5
தற்கொலை,5
எண்ணிக்கை,5
எனினும்,5
இவ்வாறு,5
ஒட்டு,5
நிகழ்,5
நீதிமன்றம்,5
கட்டுப்பாடு,5
காமன்வெல்த்,5
கோவை,5
தோட்டம்,5
பார்,5
நிகழ்ச்சி,5
எதிர்,5
இடையே,5
கொடு,5
ஆதரவு,5
வகு,5
விஷயம்,5
மதிமுக,5
திரும்பு,5
பேச்சுவார்த்தை,5
தொல்பொருள்,5
விடுவி,5
செயல்,5
80,5
காலை,5
அக்டோபர்,5
வகி,5
தொழில்,5
உத்தரவு,5
விஜயதசமி,5
பாதுகா,5
பயன்படுத்து,5
6,5
ஒத்திவை,4
எதிர்க்கட்சி,4
உடை,4
திருடு,4
இந்நிலை,4
விதம்,4
மீனவ,4
எழு,4
கல்வி,4
செலுத்து,4
ரீதி,4
மிட்டல்,4
ஆசியா,4
ஜப்பான்,4
11,4
இங்கிலாந்து,4
இயக்கம்,4
இளைஞர்,4
கருது,4
பிற,4
கேள்வி,4
அதிகம்,4
கணிப்பு,4
நிருபமா,4
எம்பி,4
ரூ.,4
அங்கு,4
5,4
அமைச்சரவை,4
முடிவெடு,4
16,4
உயர்த்து,4
ஜனதாதளம்,4
மேற்பட்ட,4
உரிய,4
கொழும்பு,4
சந்திப்பு,4
செய்திக்குறிப்பு,4
நிறைவு,4
திருக்கோயில்,4
வடக்கு,4
திருவிழா,4
அதிகாலை,4
1,4
குறை,4
வெடிகுண்டு,4
பெரிதும்,4
4,4
வெள்ளி,4
9,4
மொத்தம்,4
நீதிபதி,4
வேலுசாமி,4
பிரதிநிதி,4
பிரசாரம்,4
ஜீவனாம்சம்,4
வசதி,4
மிரட்டல்,4
கொலை,4
அப்புறப்படுத்து,4
மாகாணம்,4
தீவிரவாதி,4
அனுப்பு,4
வலியுறுத்து,4
உயிரிழப்பு,4
லான்செட்,4
தடு,4
நேற்று,4
மாலை,4
பெருமை,4
போனஸ்,4
கட்டடம்,4
குண்டு,4
மனிதன்,4
தமிழினம்,4
கொடநாடு,4
எஸ்டேட்,4
வெள்ளை,4
கணக்கு,4
மாளிகை,4
தேயிலை,4
மணிப்பூர்,4
ரப்பர்,4
கவனம்,4
லலித்,4
மீண்டும்,4
முன்பதிவு,4
நார்வே,4
வரவேற்பு,4
தயாரி,4
கங்கை,4
தீர்,4
சமூகம்,4
அமெரிக்காவ்,4
கீழ்,4
சிறுத்தை,4
ஓடு,4
உத்தரப்பிரதேச,4
மிகுந்த,4
மாசுக்கட்டுப்பாடு,4
புறக்கணி,4
அருகே,4
இணையதளம்,4
மனு,4
காயமடை,4
பொறுப்பேல்,4
கர்நாடகம்,4
முழுவதும்,4
தமிழ்நாடு,4
விரைவு,4
பங்கேல்,4
போராட்டம்,4
கொண்டுவா,4
உடல்நிலை,4
உரிமை,4
நாம்,4
மருத்துவர்,4
இருவர்,4
சாய்னா,4
பணம்,4
சுடு,3
கைதி,3
விமர்சி,3
37,3
ஆப்பிரிக்கா,3
உடன்பாடு,3
85,3
7,3
ஷீலா,3
100,3
தீட்சித்,3
பஸ்,3
நியூஸிலாந்து,3
டி.வி.,3
கொண்டாடு,3
கிட,3
சிறந்த,3
அமைச்சகம்,3
மீன்பிடி,3
பண்டிகை,3
உச்சம்,3
தற்போது,3
விவரம்,3
மின்,3
பார்வையிடு,3
மீன்,3
ஹூஸ்டன்,3
ஆலயம்,3
கேரள,3
பெஞ்ச்,3
அறை,3
ஐநா,3
தண்டனை,3
சாகு,3
உள்ளூர்,3
பெரியாறு,3
கவலைப்படு,3
வவுனியா,3
பராக்,3
பதிவு,3
முல்லை,3
ஆளு,3
செட்,3
தனி,3
தூதரகம்,3
உயர்வு,3
தன்மை,3
கைப்பற்று,3
தோனி,3
அச்சுறுத்தல்,3
அதை,3
வருகை,3
நச்சு,3
பர்ன்ஸ்,3
மாறுபடு,3
தவிர,3
சொந்த,3
மதம்,3
உள்ளாட்சி,3
ஆலை,3
விதிமுறை,3
ஆளுநர்,3
அல்லது,3
பொன்சேகா,3
நகரம்,3
கோரு,3
நாளை,3
அண்ணா,3
ஐபிஎல்,3
செப்டம்பர்,3
பச்சையம்மாள்,3
தீர்மானம்,3
தொடு,3
டிக்கெட்,3
பட்,3
லட்சுமி,3
எதிர்பார்,3
15,3
ஸ்காட்லாந்து,3
யார்டு,3
நீர்,3
பீல்டு,3
கிரீன்,3
நேயம்,3
;,3
கெமிக்கல்ஸ்,3
பெட்ரோ,3
செவிலியர்,3
மலேரியா,3
கபில்,3
காந்தி,3
1992,3
குற்றம்சாட்டு,3
மணலி,3
ஹெலிகாப்டர்,3
சேப்பாக்கம்,3
சட்டப்பேரவை,3
வனத்தோட்டம்,3
எல்லை,3
விபத்துக்குள்ளாகு,3
வெளிப்படுத்து,3
ஆட்சியர்,3
மூத்த,3
கார்,3
சிபல்,3
பிரதமர்,3
’,3
இறக்கு,3
கடுமை,3
தொழிற்சங்கம்,3
வயது,3
துப்பாக்கிச்சண்டை,3
உபகரணம்,3
டி.,3
உறுதியாகு,3
நிமிடம்,3
ராகுல்,3
வழி,3
மதச்சார்பின்மை,3
விரும்பு,3
வாஷிங்டன்,3
குரல்,3
உலை,3
தாக்குதல்,3
சக்தி,3
ஜாக்கெட்டு,3
ஒருங்கிணை,3
தகுதி,3
விவகாரம்,3
ஆலோசனை,3
நாங்கள்,3
சங்கர்,3
மீரா,3
ஸ்ரீ,3
இவர்,3
தலிபான்,3
நீங்கள்,3
தொழிற்சாலை,3
தங்கு,3
சிபிஐ,3
இ-மெ,3
மார்க்சிஸ்ட்,3
உதவு,3
நல்ல,3
கே.எஸ்.ஸ்ரீபதி,3
கம்யூனிஸ்ட்,3
தேவை,3
தூதர்,3
உங்கள்,3
இதழ்,3
பாடுபடு,3
திராவிடர்,3
எல்லாம்,3
போக்குவரத்து,3
வாழ்த்து,3
விவாதி,3
ஸ்ரீபதி,3
உருக்கு,3
ஜனநாயகம்,3
சூதாட்டம்,3
சங்கம்,3
கடமை,3
நிலவு,3
ஆற்று,3
நம்,3
செலவழி,3
காரியம்,3
சிலர்,3
படிப்பு,3
குஜராத்,3
மீட்டர்,3
நோய்,3
புலனாய்வு,2
நிராகரி,2
கைத்துப்பாக்கி,2
பாதிப்பு,2
குமார்,2
25,2
மன்னிப்பு,2
தைரியம்,2
திருமாவளவன்,2
விருந்தினர்,2
ஏராளம்,2
தரூர்,2
அதிர்ச்சி,2
சுமார்,2
பிறர்,2
மீறு,2
பங்களிப்பு,2
போக்கு,2
அவ்விழா,2
குடியரசு,2
கி.,2
வீரமணி,2
சுயேட்சை,2
உட்பட,2
வரைவு,2
நீக்கம்,2
வாக்களி,2
நீக்கு,2
கழிவு,2
கல்,2
அணுஉலை,2
கூடம்,2
அக்கட்சி,2
மும்முரம்,2
பெரிய,2
கே.பி.பி.,2
அப்பகுதி,2
மும்பை,2
முற்றிலும்,2
மேம்படுத்து,2
நிறுத்து,2
சாலை,2
வன்முறை,2
ஆப்கன்,2
2010,2
ஜூன்,2
உக்ரைன்,2
பறி,2
மோது,2
ரயில்வே,2
கேட்,2
ஒலி,2
இவை,2
கட,2
முயல்,2
இ-மெயில்,2
மத்தி,2
மொழி,2
ஆங்கிலம்,2
சுற்று,2
நபர்,2
உள்பட,2
ஞாயிற்றுக்கிழமை,2
தொடர்பாளர்,2
அந்தஸ்து,2
ஏறக்குறைய,2
உறுப்பு,2
பிரகாசமடை,2
பிராந்தியம்,2
தென்னாப்பிரிக்கா,2
வளர்,2
நெருக்கடி,2
பிரேஸில்,2
விரிவாக்கம்,2
பங்கு,2
கடைசி,2
இதையொட்டி,2
ஜி-4,2
மிகவும்,2
ராபர்ட்,2
ஆய்வுத்துறை,2
அவை,2
வர்ணனையாளர்,2
அதிகாரம்,2
ராஜிநாமா,2
இனி,2
பெயர்,2
கேலி,2
பேச்சு,2
பட்டியல்,2
கிருஷ்ணர்,2
நியூஸ்வீக்,2
சுகாதாரம்,2
அம்சம்,2
திருப்பு,2
சிராக்,2
சீனா,2
வேண்டுகோள்,2
வாய்,2
எதிராக,2
ஆகியவை,2
மகளிர்,2
மலேசியா,2
வாங்,2
பிடு,2
தா,2
நூறு,2
மேற்பட்டோர்,2
பெரியார்,2
பல,2
உருவம்,2
எரி,2
இதேபோல்,2
உயர்நீதிமன்றம்,2
தீர்ப்பளி,2
சர்வே,2
பொங்கல்,2
வில்,2
விடுமுறை,2
90,2
?,2
பாண்டியன்,2
வகுப்பு,2
மன்மோகன்,2
வாழ்க்கை,2
வர்த்தகம்,2
எது,2
தலா,2
முன்னதாக,2
கஸ்தூரிபா,2
நலம்,2
125,2
பிரணாப்,2
முகர்ஜி,2
ராஷ்ட்ரீயம்,2
திறப்பு,2
கொஞ்சம்,2
அன்று,2
மாத்திரம்,2
பல்கலைக்கழகம்,2
துணைவேந்தர்,2
காளியப்பன்,2
பலன்,2
ஒத்துழைப்பு,2
சாதாரணம்,2
மனிதாபிமானம்,2
பலர்,2
உடல்,2
ஆவணி,2
இங்கு,2
நவராத்திரி,2
ஒன்பது,2
1.30,2
தேவி,2
நலன்,2
21,2
என்.,2
செயற்குழு,2
மற்ற,2
கே.,2
தீர்வு,2
கொடி,2
எதிர்பார்ப்பு,2
அத்தியாயம்,2
உலா,2
ஜார்ஜ்,2
வலுப்படுத்து,2
உத்தி,2
கண்டறி,2
பரிமாறு,2
ஆராய்,2
குறிப்பாக,2
கையெழுத்தாகு,2
உள்ளிட்டவை,2
எப்படி,2
எழுப்பு,2
ஜாதி,2
எதிரான,2
வாழ்நாள்,2
தடை,2
விதி,2
முன்னிறுத்து,2
ஏழை,2
லாம்ப்,2
அதனால்,2
தனித்து,2
ஊரகம்,2
குடிபெயர்,2
வெள்ளம்,2
பலப்படுத்து,2
காட்டு,2
ஏற்றுக்கொள்,2
அதுபோல்,2
தீர்மானி,2
கமிஷனர்,2
ராஜேந்திரன்,2
ஊடகம்,2
கொள்கை,2
கருணாகரன்,2
காய்ச்சல்,2
முடிவடை,2
2009-2010,2
கேப்டன்,2
ஊர்,2
புறப்பட்ட,2
அட்டவணை,2
நொய்டா,2
பாராட்டு,2
எஞினியர்,2
தூக்கிடு,2
பிரதாப்,2
அடங்கு,2
தங்கியிரு,2
மனைவியர்,2
திருமணம்,2
இந்திய-அமெரிக்கா,2
சொந்தம்,2
நிபந்தனை,2
பொருந்து,2
சாவேஸ்,2
மாற்றம்,2
தயாரிப்பு,2
நிகோலஸ்,2
சரிவரு,2
நிலம்,2
உறுதியளி,2
ஆயுதம்,2
ஜெயரத்ன,2
குழுவினர்,2
தேடு,2
மாசுபடுத்து,2
65,2
ஆகஸ்ட்,2
ஐஐடி,2
சுத்தப்படுத்து,2
தாண்டு,2
ஷா,2
அவ்வப்போது,2
முஸ்லீம்,2
வெளி,2
மையம்,2
தொடக்கம்,2
சதவீதத்தினர்,2
சதவீதம்,2
குழப்பம்,2
கண்டனம்,2
சிக்கு,2
லண்டன்,2
நிகழ்வு,2
முகமது,2
ஆசிப்,2
வழக்கறிஞர்,2
அங்கிருந்து,2
உள்ளிட்டோர்,2
வரவேல்,2
31,2
விழிப்பு,2
ஐ.ஏ.எஸ்.,2
பயிற்சி,2
இயக்குநர்,2
நகராட்சி,2
குடிநீர்,2
2008,2
செம்மொழி,2
நீட்டிப்பு,2
சாதனை,2
ராமகிருஷ்ணன்,2
காவல்,2
விளைவு,2
விரிசல்,2
சாசனம்,2
நினை,2
பாதகம்,2
தீர்ப்பு,2
ஆஜர்,2
கேரளம்,2
தென்,2
உணர்,2
அணுகுமுறை,2
முழு,2
வாழ்வாதாரம்,2
அற்ற,2
சூழல்,2
வரலாறு,2
ராவ்,2
அங்குள்ள,2
நிறை,2
தயார்,2
குடியமர்வு,2
விவசாயம்,2
பொருள்,2
மறுபடியும்,2
குடியமர்த்து,2
ஆலோசி,2
இதுதவிர,2
குடும்பம்,2
சிமென்ட்,2
மூட்டை,2
பாதை,2
விளையாட்டு,2
அந்நாடு,2
நகர்,2
ஊழியர்,2
நேரம்,2
அடுத்து,2
ரத்து,2
தும்கா,2
மாவோயிஸ்ட்,2
கடும்,2
போலீசார்,2
ஜாமா,2
முன்னிட்டு,2
128,2
அல்கொய்தா,2
பின்,2
லேடன்,2
இரவு,2
பகல்,2
இன்னும்,2
பள்ளி,2
திக்விஜய்,2
பேராசிரியர்,2
மாணவர்,2
பிரதேசம்,2
பெரும்பான்மை,2
முக்கியமானவர்,1
சசி,1
சந்தேகி,1
gஎர்மனி,1
ராணுவத்தினர்,1
அவசரம்,1
பிரகடனம்,1
பயமுறுத்து,1
வேண்டியவை,1
எப்போதைக்கு,1
சாத்தியம்,1
தூண்டுதல்,1
யோசனை,1
சீர்திருத்த,1
சொல்,1
1995ல்,1
அப்போதைய,1
பொதுச்சபை,1
நாட்டவர்,1
ரஸôலி,1
இஸ்மாயில்,1
பின்தங்கு,1
1992-96ல்,1
புட்ரோஸ்,1
காலி,1
அதாவது,1
படிப்படி,1
2022,1
விரிவுபடுத்து,1
அதன்படி,1
புதுதில்லி,1
கொல்கத்தா,1
ஆந்திரம்,1
முந்து,1
வரிசை,1
பா.ம.க.,1
நிறுவனர்,1
ராமதாஸ்,1
அறிவிப்பு,1
பண்பாடு,1
அடையாளம்,1
இயற்று,1
முன்பு,1
அப்படி,1
வாழ்விடம்,1
அகற்று,1
உள்நாடு,1
நாளிதழ்,1
முழுப்பக்கம்,1
விளம்பரப்படு,1
நினைவு,1
சின்னம்,1
1000,1
அடி,1
கட்டுமானம்,1
மீறுவோர்,1
அபராதம்,1
குடும்பத்தினர்,1
பெருகு,1
மூதாதையர்,1
தாழ்வாரம்,1
கழிப்பு,1
உரிமையாளர்,1
சம்பந்தப்பட்ட,1
தண்டி,1
ஏற்கனவே,1
இடி,1
இணைப்பு,1
சுதந்திரம்,1
ஒழுங்குமுறை,1
கிளர்,1
78,1
தொகு,1
அண்டை,1
59,1
66,1
பங்களாதேஷ்,1
முறையே,1
88,1
89,1
தென்கொரியா,1
சிங்கப்பூர்,1
நான்கு,1
பின்லாந்து,1
சுவிட்சர்லாந்து,1
ஸ்வீடன்,1
ஆஸ்திரேலியா,1
அகியவை,1
14,1
பற்றிய,1
வாசகர்,1
‘,1
ஆரோக்கியம்,1
தகுந்த,1
பதில்,1
நேசி,1
முதலிடம்,1
முன்னர்,1
செலவினம்,1
பரிந்துரை,1
பிரிவினர்,1
அதிருப்தி,1
சமாஜவாதி,1
சனிக்கிழமை,1
திருநெல்வேலி,1
எதிர்கட்சி,1
மரியாதை,1
நிமித்தம்,1
திருச்செந்தூர்,1
அருள்மிகு,1
சுப்பிரமணியசுவாமி,1
கொடியேற்றம்,1
தொடக்கு,1
நடைதிற,1
விஷ்வரூபம்,1
தரிசனம்,1
உதய,1
மார்த்தாண்டம்,1
அபிஷேகம்,1
பூஜை,1
பல்லக்கு,1
பட்டம்,1
வீதி,1
5.20,1
வேதம்,1
ஓது,1
பஞ்வாத்தியம்,1
முழங்கு,1
பக்தர்,1
ஆரோகரா,1
கோஷம்,1
செப்பு,1
மரம்,1
சிவாச்சாரியர்,1
கொடியேற்று,1
பேட்ஸ்மேன்,1
ஆலன்,1
இடம்தரு,1
விளையாடு,1
தடைவிதி,1
முன்வா,1
தயக்கம்,1
நேரடி,1
செய்தித்தொடர்பாளர்,1
அப்துல்,1
பாசித்,1
முத்தரப்பு,1
இறுதிப்போட்டி,1
மகேந்திர,1
சூப்பர்,1
கிங்ஸ்,1
800,1
டெஸ்ட்,1
விக்கெட்டு,1
வீழ்த்து,1
முத்தையா,1
முரளிதரன்,1
கௌரவி,1
வெனிசூலா,1
கொலம்பியா,1
ஹியுகோ,1
ரஷ்யா,1
எமை-17,1
ஓடுதளம்,1
உள்ளாகு,1
தொலைக்காட்சி,1
தென்மேற்கு,1
அபூர்,1
என்கவுன்ட்டர்,1
மறுநாள்,1
55,1
டன்,1
அமித்,1
வாழு,1
ஆபத்து,1
மெட்ரிக்,1
எண்ணூர்,1
60,1
2500,1
லிமிடெட்,1
கூடாரம்,1
வெளியேற்று,1
பாக்கெட்,1
2.5,1
ரசாயனம்,1
குழாய்,1
சேகரி,1
அட்டாரி,1
நிதியுதவி,1
விடுதலைசெய்,1
பொதுக்கூட்டம்,1
சாமியிடம்,1
நரேந்திர,1
மேற்படி,1
உற்பத்தி,1
மடி,1
சூழ்நிலை,1
ராஜஸ்தான்,1
தடைபடு,1
சாமி,1
500,1
மேம்பாட்டுத்துறை,1
கழிவுநீரை,1
|,1
திருவள்ளூர்,1
14.10.2010,1
வியாழன்,1
கிழமை,1
எதிரில்,1
இலக்கியம்,1
பழ.,1
கருப்பையா,1
கண்டன,1
பெரிஸ்ûஸ,1
ஜி.எல்.,1
பக்டிகா,1
எம்.பி.,1
ஜானி,1
கேல்,1
வாகனம்,1
வீசு,1
ராக்கெட்,1
தாக்கு,1
ஜபூல்,1
ஷாஜோய்,1
ஜீப்,1
சாலையோரம்,1
திரிகோணமலை,1
ஏறு,1
நுழைவு,1
ஜம்மு-காஷ்மீர்,1
பலியாகு,1
வாக்காளர்,1
நாள்தோறும்,1
45,1
தீவு,1
பஞ்சாப்,1
1200க்க்,1
2000,1
பிறப்பி,1
முன்,1
செய்திரு,1
புதை,1
டிநிபெட்ரோவிஸ்க்,1
மார்ஹனெட்ஸ்,1
58,1
ஆவர்,1
தானியங்கி,1
இறஙு,1
எச்சரிக்கை,1
தேர்வு,1
பெரும்பாலானவர்,1
கண்டுகொள்,1
ஓட்டுநர்,1
இரட்டையர்,1
ஓட்டு,1
நல்லெண்ணம்,1
பயங்கரம்,1
வேகம்,1
பலம்,1
விடுதலைப்புலி,1
அருகு,1
மிஸ்ரி,1
விக்ரம்,1
கவலைக்கிடம்,1
யெவ்ஹெனி,1
கிரேவட்ஸ்,1
காந்தா,1
அசோக்,1
தேவையானவற்றை,1
சிரமப்படு,1
உபயோகம்,1
மதுரை,1
காண்பி,1
18-ல்,1
10-க்க்,1
கடிதம்,1
ஹீனா,1
தனிப்பிரிவு,1
திங்கள்கிழமை,1
அடிக்கடி,1
தொந்தரவு,1
சித்து,1
அன்னு,1
ஊடுருவு,1
வெளியே,1
காவல்துறை,1
டி.ராஜேந்திரன்,1
குழி,1
ராஜ்,1
பதுங்கு,1
சீரமைப்பு,1
குனார்,1
தளம்,1
தன்னார்வம்,1
தொண்டு,1
ஜேடி,1
ஓமந்தை,1
ரம்ஜான்,1
வெளிவரு,1
பேட்டி,1
செட்டிகுளம்,1
சதுர்த்தி,1
தலைமையகம்,1
விநாயகர்,1
19,1
இடைவெளி,1
வன்னி,1
கண்டிப்பாக,1
விரை,1
இயன்றவரை,1
முடிந்தளவு,1
கஜகஸ்தான்,1
விலகு,1
சம்ரேஷ்,1
எங்கள்,1
லத்தீன்,1
ஜங்,1
அந்தந்த,1
மேற்கு,1
ஐரோப்பா,1
கனடா,1
போர்ச்சுக்கல்,1
சந்திரசேகர்,1
ஆளுங்கட்சி,1
செளத்ரி,1
பிரேசில்,1
ரஷியா,1
பங்காற்றும்,1
ஹர்தீப்,1
பூரி,1
மூன்றில்,1
ஜோடி,1
இதன்படி,1
அதிகளவு,1
சாராத,1
வெளிநாடு,1
ஆஸ்திரியா,1
மெக்ஸிகோ,1
துருக்கி,1
உகாண்டா,1
ஆகியவற்றின்,1
நிறைவடை,1
இதுபோல்,1
தாக்கம்,1
துப்பாக்கிச்சுடுதல்,1
தேர்ந்தெடு,1
பதவிக்காலம்,1
நியூயார்க்,1
திராவிடம்,1
உரையாற்று,1
எஸ்.எம்.,1
கிருஷ்ணா,1
தேஜஸ்வினி,1
அவசியம்,1
அப்போதுதான்,1
ஒருமி,1
எட்டு,1
காஞ்சிபுரம்,1
செப்.15,1
பின்னடைவு,1
ஆர்சிலார்,1
முல்லைப்பெரியாறு,1
எல்.என்.,1
டோக்கியோ,1
டெக்ஹின்ட்,1
பாலோ,1
ரோகா,1
ஓராண்டு,1
பிரிட்டிஷ்,1
ஸ்டீல்,1
சர்,1
சாவந்த்,1
ஸ்கோலே,1
முதன்,1
மோசம்,1
பாசனம்,1
இனம்,1
ஏக்கர்,1
17,1
நோக்கம்,1
ராஞ்சி,1
ஒப்புதல்,1
எழுத்துப்பூர்வம்,1
ரவிசங்கர்,1
சாதகம்,1
அறிவுறுத்து,1
தளபதி,1
உச்சரி,1
அவமானப்படுத்து,1
துச்சம்,1
வருத்தம்,1
சரத்,1
இந்தளவு,1
சர்ச்சை,1
பெரிது,1
பய,1
வார்த்தை,1
மன்து,1
புண்படுத்து,1
மன்னி,1
தடவை,1
உச்சநீதிமன்றம்,1
பழமைவாய்,1
கான்ஸ்டபிள்,1
வழக்கம்,1
ஒதுக்கீடு,1
380,1
கேரளஅரசு,1
ஆயிரக்கணக்கு,1
சரணடை,1
கொடுத்திடு,1
கோயில்,1
மேற்கண்ட,1
அதிரடிப்படை,1
எவ்விதம்,1
சன்மானம்,1
பித்தளை,1
திருடர்,1
பழமை,1
அச்சப்படு,1
மட்டுமல்லாது,1
வழிபாடு,1
விபரீதம்,1
வெற்றிபெறு,1
206,1
106,1
அற்றவன்,1
பதிவாகு,1
திங்கட்கிழமையன்று,1
சரண்,1
சுயேச்சை,1
லத்திகா,1
பரபரப்பு,1
பேட்மின்டன்,1
ஒற்றையர்,1
டி.ஜி.பி.ய்,1
நேவல்,1
எஸ்.மாலதிய்,1
ஆயுள்,1
ஆதரவாளர்,1
தோல்வியடை,1
டிஜிபி,1
19-21,1
புள்ளிக்கணக்கு,1
இழ,1
22-20,1
21-13,1
புள்ளி,1
முன்பே,1
2-1,1
பி.கே.பாண்டே,1
தங்கப்பதக்கம்,1
38-,1
பதக்கப்பட்டியல்,1
முன்னேறு,1
ஐஜி,1
மனிதவளம்,1
இறுதிநாள்,1
செயலகம்,1
இந்து,1
காமென்வெல்த்,1
சிதம்பரம்,1
பர்னாலா,1
ஹோட்டல்,1
அதற்கான,1
பொம்மை,1
வேதனை,1
ஈழம்,1
காந்திநகர்,1
உருவப்பொம்மை,1
படம்,1
தேசியக்கொடி,1
போன்றவற்றை,1
கூட்டப்படு,1
ஈவிரக்கம்,1
தகுதிநீக்கம்,1
பெரு,1
சதானந்த்,1
சித்தராமையா,1
போபய்யா,1
கே.எஸ்.,1
ஒருவரி,1
செயலாளார்,1
வித்த,1
பிரானேஷ்,1
சிறப்பி,1
இதன்பின்,1
கண்காணிப்பு,1
ஆனது,1
தென்மாவட்டம்,1
தேதியன்று,1
பிற்பகுதி,1
காத்திரு,1
பிடிபடு,1
முந்தைய,1
முதல்நாள்,1
8,1
நெல்லை,1
பொதிகை,1
மேலான,1
2006,1
அனந்தபுரி,1
எக்ஸ்பிரஸ்,1
ஒட்டுமொத்தம்,1
படுக்கை,1
ஏசி,1
புள்ளியியல்,1
2001,1
இயல்பு,1
பாய்,1
1949,1
15-ல்,1
புரட்சிகரம்,1
முன்னணி,1
குறைவு,1
மலைப்பிரதேசம்,1
பள்ளத்தாக்கு,1
கடை,1
கேவலப்படுத்து,1
அத்துடன்,1
1996,1
நிதித்துறை,1
டாக்டர்,1
அதற்கடுத்த,1
உயிர்,1
வேலைவாய்ப்பு,1
தாய்,1
சேய்,1
துன்பம்,1
இன்பம்,1
வேலூர்,1
1987,1
அடுத்தடுத்த,1
காணு,1
இதயம்,1
திருச்சி,1
கருப்பை,1
மார்பகம்,1
புற்றுநோய்,1
தடுப்பு,1
பட்டயம்,1
பிரிட்டன்,1
முதன்முதல்,1
விலங்கியல்,1
ஏன்,1
முன்னால்,1
இன்றைக்கு,1
எம்.எஸ்ஸி.,1
எழுது,1
ஆங்காங்கே,1
கொடூரம்,1
75,1
இந்தி,1
கன்னடம்,1
வன்மம்,1
வக்கிரபுத்தி,1
இத்தனை,1
1954,1
பயன்,1
ஏய்,1
மருத்துவத்துறை,1
நண்பர்,1
ஏத்,1
பூர்வீகம்,1
மனப்பான்மை,1
தஞ்சை,1
உணர்வு,1
காப்பாற்று,1
இதன்மூலம்,1
ஒத்துழை,1
தலை,1
சாமானிய,1
ஏழையெளிய,1
மனசாட்சி,1
சிங்கள,1
ஆகவே,1
மக்களவை,1
எம்.பி.ய்,1
தயாநிதி,1
மாறன்,1
மரபு,1
உயர்கல்வி,1
தாய்சேய்,1
அதற்கேற்ப,1
1977,1
மனிதநேயம்,1
ஒப்படை,1
இழை,1
சிகரம்,1
கோலாகலம்,1
நவம்,1
வனப்பகுதி,1
துர்கா,1
ஜார்க்கண்ட்,1
செல்வம்,1
மகாலட்சுமி,1
சரஸ்வதி,1
வழிபடு,1
மகிஷாசுரன்,1
தேவியானவள்,1
போரிடு,1
வாகை,1
சூடு,1
கைவினை,1
கலைஞர்,1
உழைப்பு,1
மதிப்பளி,1
திருநாளாம்,1
நற்காரியம்,1
நன்னாள்,1
ஆணையாளர்,1
நேர்மாறு,1
வளம்,1
அமைதி,1
நல்லாட்சி,1
மலர்,1
மனமார்ந்த,1
நல்வாழ்த்து,1
கண்காணிப்புத்துறை,1
இடதுசாரி,1
குற்றவாளி,1
கூட்டறிக்கை,1
ஓய்வுபெறு,1
எஸ்.மாலதி,1
நிர்வாகி,1
சிவப்பு,1
வரதராஜன்,1
கம்பளம்,1
விரி,1
பாலகிருஷ்ணன்,1
ப.,1
செல்வசிங்,1
கம்யூனிஸம்,1
ஆர்.,1
நல்லகண்ணு,1
சி.,1
மகேந்திரன்,1
ஏ.எம்.,1
கோபு,1
எஸ்.எஸ்.,1
தியாகராஜன்,1
சுப்பராயன்,1
என்.எல்.சி.,1
40,1
ஸ்ரீபெரும்புதூர்,1
ஃபாக்ஸ்கான்,1
பூங்கொத்து,1
சுமூக,1
அத்தகைய,1
காணப்படு,1
தொ.மு.ச.,1
காண்,1
பன்னாடு,1
பழிவாங்கு,1
உடந்தை,1
டாஸ்மாக்,1
சத்துணவு,1
ஏவு,1
இத்தகைய,1
தா.,1
ஜி.,1
வழியெங்கு,1
ஒசாமா,1
கே.கே.மாதன்,1
எத்தகையது,1
எல்.மணி,1
பிரமுகர்,1
உறுதிப்படுத்து,1
பல்கலை,1
ஆமதாபாத்,1
ஏ.கே.செல்வராஜ்,1
பிரகாசப்படுத்து,1
மட்டுமின்றி,1
பயன்பெறு,1
உறுதுணை,1
பயனடை,1
நுழைவாயில்,1
உருவெடு,1
சவால்,1
சமாளி,1
வன்மை,1
ஈளாடா,1
எதிர்காலம்,1
அவர்களால்,1
அதற்குரிய,1
உதவிகரம்,1
குருக்கட்டி,1
கைவிடு,1
தெற்காசியா,1
பரிமாற்றம்,1
ஆசியான்,1
கட்டமைப்பு,1
வற்புறுத்து,1
விரிவு,1
சார்ந்த,1
எஸ்.கைகாட்டி,1
கா,1
இரண்டரை,1
பரிமாணம்,1
ஆக்க,1
சிடிசி,1
டானிங்டன்,1
கிட்டத்தட்ட,1
கணேஷ்,1
கையெழுத்து,1
ஆனதால்,1
அத்துறை,1
கூட்டாக,1
சக்கத்தா,1
அரவேணு,1
விண்வெளி,1
நீராதாரம்,1
பருவம்,1
நிலவரம்,1
வானியல்,1
சேவை,1
ராஜ்கோட்,1
வங்கி,1
அன்னியம்,1
செலாவணி,1
நிதியம்,1
ஐஎமெப்,1
அதிகமான,1
தம்,1
செயல்படுத்து,1
ஆர்வம்,1
ஊர்மக்கள்,1
வீரமுத்து,1
நிதீஷ்,1
ஒற்றுமை,1
சூரத்,1
ஊராட்சி,1
நம்பகத்தன்மை,1
உக,1
கோதா,1
சிக்தி,1
அஞ்சு,1
வகுப்புவாதம்,1
முற்றுப்புள்ளி,1
லோக்,1
ஜனசக்தி,1
சர்ச்சைக்குரிய,1
போஸ்ட்,1
லாபம்,1
நீதி,1
சமதர்மம்,1
சமம்,1
வாஷிடங்டன்,1
பணக்காரர்,1
ஹிந்து,1
முஸ்லிம்,1
சீக்கியர்,1
முத்துநகர்,1
எல்லோர்,1
காங்கிரசு,1
முத்திரை,1
குத்து,1
வதேதரா,1
ஜாம்நகர்,1
சிரமமானது,1
புறப்படு,1
ஊழல்,1
துரதிருஷ்டவசம்,1
தேவையுள்ளோர்,1
ஒப்பிடு,1
ஏராளமான,1
நிரூபி,1
உத்தர,1
பாவ்நகர்,1
பலன்கிட்டு,1
தயாராகு,1
தேங்கு,1
கொணவக்கரை,1
ஐ.பி.எல்.,1
கொட்டகம்பை,1
ஓவர்,1
2009,1
கௌரவம்,1
சீனிவாசன்,1
213,1
அதையடுத்து,1
ஏர்வேஸ்,1
நேரில்,1
555,1
விளம்பரம்,1
ஒளிபரப்பு,1
ஆகியவற்றில்,1
470,1
ஆவணம்,1
குற்றவியல்,1
409,1
420,1
468,1
477,1
120,1
பி,1
வேணு,1
நாயர்,1
ஆண்ரூ,1
ஜார்ஜியோ,1
சீமஸ்,1
ஓபிரயன்,1
ஹரீஷ்,1
கிருஷ்ணமாச்சாரி,1
அஜய்,1
வர்மா,1
ஏடிஎஸ்பி,1
வெங்கடேஸ்வரன்,1
அநேகமாக,1
நவம்பர்,1
செல்லல்,1
அலி,1
ஜர்தாரி,1
தாவல்,1
கொறடா,1
93,1
ஜெயராமன்,1
சீர்,1
சுவாசம்,1
அவதிப்பட்டு,1
செல்வராஜ்,1
குஞ்சப்பனை,1
நீலகிரி,1
இப்போதைக்கு,1
444-ல்,1
எதிர்கொள்,1
886,1
275,1
வழங்கிட்,1
118,1
313,1
359,1
951,1
96,1
30,1
தம்பா,1
இறுதிசெய்,1
பொற்கோயில்,1
கிப்ஸ்,1
பயணத்திட்டம்,1
சுற்றுப்பயணம்,1
தூரகரம்,1
சயீத்,1
தெரியவா,1
குழந்தை,1
யாவர்,1
சிகிச்சை,1
86,1
2002,1
671,1
ஒரிசா,1
அடுத்ததாக,1
சத்தீஸ்கர்,1
ஜார்கண்ட்,1
அசாம்,1
ஆகியவற்றைக்,1
எச்சிஎல்,1
HCள்,1
35,1
சாஃப்ட்வேர்,1
அரங்கு,1
கலாசாரம்,1
மேலாளர்,1
ஹைதராபாத்,1
ரத்தன்குமார்,1
வழக்கம்போல்,1
நள்ளிரவு,1
கணிப்பொறி,1
காவல்நிலையம்,1
அமளி,1
மகள்,1
பெற்றோர்,1
எழுதிவை,1
அமீர்,1
அதற்காக,1
சல்மான்,1
சாட்டு,1
கோயமுத்தூர்,1
முன்கூட்டி,1
ஆட்டம்,1
மாதம்தோறும்,1
எனப்படு,1
மார்க்கண்டேயம்,1
கட்ஜு,1
டி.எஸ்.,1
தாக்கூர்,1
அடிதடி,1
கொடுமை,1
2005,1
வழக்காடு,1
வாதாடு,1
கூச்சல்,1
தாம்பத்யம்,1
ஈடாக,1
இடமிருந்து,1
மிகப்பெரிய,1
பூர்த்தி,1
1.,1
ஆண்,1
துணைவர்,1
2.,1
களங்கம்,1
எட்டியிரு,1
3.,1
4.,1
விருப்பப்படு,1
அதன்,1
அங்கீகரி,1
நால்,1
ஆடவன்,1
உறுதிபடு,1
ஆ,1
ஃபிக்சிங்,1
ஸ்பாட்,1
வதந்தி,1
சற்று,1
34,1
மாறுபாடு,1
உண்டாகு,1
அவமானம்,1
சோராபுதீன்,1
காட்டிலும்,1
துறைமுகம்,1
விவகாரத்துறை,1
இணையமைச்சர்,1
வட,1
48,1
வெளியுறவுத்துறை,1
துணையமைச்சர்,1
ரிச்சர்,1
ஆர்மிடேஜ்,1
ரிச்சர்ட்,1
ஃபோன்டெய்ன்,1
இந்தியா-அமெரிக்கா,1
மேம்படு,1
பழுதுபார்,1
நடைமுறை,1
பின்பற்று,1
தரம்,1
அதிகமாக,1
உதிரி,1
நவீனம்,1
கிறிஸ்துவர்,1
2009-ல்,1
மார்ச்,1
ஆராய்ச்சி,1
சேதமடை,1
பியு,1
18,1
அமெரிக்கர்,1
ஐந்து,1
இருதரப்பு,1
குற்றச்சாட்டு,1
அரபிக்,1
ஷாகிர்,1
கண்காணிப்பாளர்,1
நச்சுத்தன்மை,1
சிறைச்சாலை,1
லாந்தி,1
342,1
ராதேஷ்யாம்,1
மண்டலம்,1
நதி,1
செயலின்மை,1
மாசு,1
ரமேஷ்,1
ஜெய்ராம்,1
பயிலரங்கு,1
படுகை,1
நதிநீர்,1
கான்பூர்,1
28,1
பெரும்புதூர்,1
பாகம்,1
சப்ளை,1
ஏமாற்றத்துக்குள்ளாக்கு,1
எஞ்சு,1
போலி,1
பரவல்,1
புஷ்,1
ஆல்ஃப்ரடோ,1
தீவிரம்,1
சந்தேகம்,1
இருவழி,1
சங்கடம்,1
வரல்,1
தளவாடம்,1
காப்புரிமை,1
விதிமீறல்,1
லூயிஸ்,1
கடத்தல்,1
டி.எம்.,1
பேருந்து,1
விவாதம்,1
முள்ளிவாய்க்கால்,1
மட்டுமல்லாமல்,1
வெடிபொருள்,1
போதைமருந்து,1
மாறு,1
படையினர்,1
செயலிழ,1
தோற்கடி,1
இதுபோன்ற,1
எந்தவிதத்,1
கிறிஸ்தவர்,1
